interval_start_s,interval_end_s_exclusive,runtime_first_s,runtime_last_s,runtime_states,draw_fps,cpu_system_mean_percent,cpu_process_mean_percent_one_core,temperature_mean_c,temperature_max_c,rss_mean_mib,rss_max_mib,telemetry_samples
0,60,0.999882698059082,59.966617584228516,59,39.34421677711297,20.227636363636364,72.528,57.96,59.5,443.80628333333334,458.734,60
60,120,60.982325315475464,119.84882831573486,59,39.411208102335834,20.051,72.78816666666667,57.483333333333334,58.95,426.53858333333335,426.922,60
120,180,120.86607217788696,179.71561789512634,59,39.422564298918275,20.265333333333334,72.868,57.41,59.5,427.09586666666667,427.5,60
180,240,180.71527218818665,239.43213820457458,59,39.35836765121281,20.569,73.10666666666667,57.34583333333333,58.95,427.48705,427.766,60
240,300,240.46623349189758,299.300901889801,59,39.3305522579007,20.568666666666665,73.118,57.2175,60.05,427.86468333333335,427.953,60
300,360,300.3329997062683,359.13348865509033,59,39.3194009324019,20.223166666666668,73.42066666666666,57.30916666666667,58.95,428.06143333333335,428.172,60
360,420,360.1489562988281,419.0160093307495,59,39.1900032561338,20.291833333333333,73.54666666666667,57.263333333333335,59.5,428.2133,428.391,60
420,480,420.01750016212463,479.96639609336853,60,39.09996945879306,20.5015,73.8805,57.2725,59.5,428.4708,428.609,60
480,540,480.98375177383423,539.7160079479218,59,39.10968434775418,20.753166666666665,73.90766666666667,57.3825,59.5,428.55705,428.625,60
540,600,540.7179281711578,599.5334658622742,59,39.10531281851052,20.6905,73.58116666666666,57.36416666666667,59.5,428.4796,428.625,60
600,660,600.5343933105469,659.2000608444214,58,39.15407591115664,20.383,73.91316666666667,57.52,60.05,428.43991666666665,428.609,60
660,720,660.217426776886,719.8674085140228,60,39.07796670034465,20.417333333333332,73.851,57.281666666666666,58.95,428.59816666666666,428.625,60
720,780,720.8673460483551,779.6505908966064,59,39.10978384971529,20.575833333333332,73.7925,57.19916666666667,58.95,428.5719833333333,428.625,60
780,840,780.6675713062286,839.5670998096466,59,39.11746084463643,20.745833333333334,73.69316666666667,57.336666666666666,59.5,428.55,428.609,60
840,900,840.5846121311188,899.3507573604584,59,39.104147311889704,20.802500000000002,73.86116666666666,57.51083333333333,58.95,428.54301666666663,428.609,60
900,960,900.3509423732758,959.300520658493,59,39.08424906540462,20.169666666666668,73.7315,57.4375,58.95,428.55406666666664,428.609,60
960,1020,960.3178155422211,1019.1673140525818,59,39.065753459143764,20.4705,73.88983333333333,57.6575,59.5,428.5053833333333,428.625,60
1020,1080,1020.1679792404175,1079.9683117866516,60,39.063327920357985,20.617333333333335,73.81933333333333,57.685,59.5,428.5724666666667,428.625,60
1080,1140,1081.002529144287,1139.7857434749603,59,39.09279249469178,20.504666666666665,73.9145,57.75833333333333,60.05,428.51456666666667,428.625,60
1140,1200,1140.8026292324066,1199.6530027389526,58,39.16712609723048,20.5355,73.71516666666666,57.840833333333336,60.05,428.61946666666665,428.625,60
1200,1260,1200.6527709960938,1259.4037909507751,58,39.02910965237275,20.558,73.8275,57.776666666666664,60.05,428.5173833333333,428.625,60
1260,1320,1260.420288324356,1319.304186820984,59,39.093878951167476,20.702333333333332,73.941,57.70333333333333,59.5,428.54228333333333,428.625,60
1320,1380,1320.3219294548035,1379.3055243492126,59,39.06170866873337,20.791,73.82166666666667,57.86833333333333,60.05,428.58425,428.609,60
1380,1440,1380.3220551013947,1439.1714887619019,59,39.099781542063674,20.594166666666666,73.772,56.759166666666665,59.5,428.53251666666665,428.609,60
1440,1500,1440.205229997635,1499.0896298885345,59,39.110528497649156,20.488333333333333,73.80333333333333,57.2175,59.5,428.4845833333333,428.609,60
1500,1560,1500.1061553955078,1559.0574178695679,59,39.10009562584439,20.839666666666666,73.76266666666666,58.2075,60.6,428.59956666666665,428.625,60
1560,1620,1560.0570349693298,1619.9231586456299,60,39.13732602212147,20.466666666666665,73.8545,57.85916666666667,60.05,428.57736666666665,428.625,60
1620,1680,1620.9233891963959,1679.7734348773956,58,39.09937491761196,20.69333333333333,74.07383333333334,57.91416666666667,60.05,428.5659,428.625,60
1680,1740,1680.8069944381714,1739.5741448402405,58,39.12049477081768,20.751833333333334,73.62766666666667,57.465,58.95,428.60973333333334,428.625,60
1740,1800,1740.5918288230896,1799.4074606895447,59,39.10525020325051,20.5155,73.661,57.318333333333335,60.05,428.5104,428.625,60
